{"cameraMode":{"drawMode":0,"name":"Shaded","section":"Shading Mode"},"sceneLighting":true,"audioPlay":false,"sceneViewState":{"showFog":true,"showMaterialUpdate":false,"showSkybox":true,"showFlares":true,"showImageEffects":true,"showParticleSystems":true},"in2DMode":false,"pivot":{"x":-38.89038848876953,"y":-9.785056114196778,"z":-12.666940689086914},"rotation":{"x":0.07686017453670502,"y":-0.790127694606781,"z":0.10168673098087311,"w":0.599591076374054},"size":25.355419158935548,"orthographic":false}